episode_reward_max,episode_reward_min,episode_reward_mean,episode_len_mean,episodes_this_iter,num_healthy_workers,timesteps_total,timesteps_this_iter,agent_timesteps_total,done,episodes_total,training_iteration,trial_id,experiment_id,date,timestamp,time_this_iter_s,time_total_s,pid,hostname,node_ip,time_since_restore,timesteps_since_restore,iterations_since_restore,warmup_time,hist_stats/episode_reward,hist_stats/episode_lengths,timers/sample_time_ms,timers/sample_throughput,timers/load_time_ms,timers/load_throughput,timers/learn_time_ms,timers/learn_throughput,timers/update_time_ms,info/num_steps_sampled,info/num_agent_steps_sampled,info/num_steps_trained,info/num_steps_trained_this_iter,info/num_agent_steps_trained,perf/cpu_util_percent,perf/ram_util_percent,info/learner/default_policy/num_agent_steps_trained,info/learner/default_policy/learner_stats/cur_kl_coeff,info/learner/default_policy/learner_stats/cur_lr,info/learner/default_policy/learner_stats/total_loss,info/learner/default_policy/learner_stats/policy_loss,info/learner/default_policy/learner_stats/vf_loss,info/learner/default_policy/learner_stats/vf_explained_var,info/learner/default_policy/learner_stats/kl,info/learner/default_policy/learner_stats/entropy,info/learner/default_policy/learner_stats/entropy_coeff
nan,nan,nan,nan,0,1,5000,5000,5000,False,0,1,b1c0a_00000,19741b99d80c460da5cb15641482f165,2022-10-26_15-16-12,1666793772,8.374614715576172,8.374614715576172,705285,pl-gonzal.cis.strath.ac.uk,172.17.248.57,8.374614715576172,5000,1,8.985057353973389,[],[],5853.98,854.12,0.167,29959314.286,2499.078,2000.738,6.981,5000,5000,5000,5000,5000,30.725000000000005,84.94166666666665,500.0,0.5,4.999999873689376e-05,7.5297685,-0.000875958,7.5439124,-0.006605532,0.0011664953,1.3850931,0.009999999776482582
-72010.0,-72010.0,-72010.0,7201.0,1,1,10000,5000,10000,False,1,2,b1c0a_00000,19741b99d80c460da5cb15641482f165,2022-10-26_15-16-20,1666793780,7.99533486366272,16.36994957923889,705285,pl-gonzal.cis.strath.ac.uk,172.17.248.57,16.36994957923889,10000,2,8.985057353973389,[-72010.0],[7201],6985.786,715.739,0.163,30682545.721,2448.577,2042.003,9.078,10000,10000,10000,5000,10000,40.09166666666666,85.22500000000001,500.0,0.25,4.999999873689376e-05,6.3131385,-0.0009534937,6.327522,-0.012172005,0.0015940588,1.3830209,0.009999999776482582
-72010.0,-72010.0,-72010.0,7201.0,1,1,15000,5000,15000,False,2,3,b1c0a_00000,19741b99d80c460da5cb15641482f165,2022-10-26_15-16-34,1666793794,14.585636138916016,30.955585718154907,705285,pl-gonzal.cis.strath.ac.uk,172.17.248.57,30.955585718154907,15000,3,8.985057353973389,"[-72010.0, -72010.0]","[7201, 7201]",9545.572,523.803,0.162,30870736.016,2437.29,2051.459,7.803,15000,15000,15000,5000,15000,56.709523809523816,85.9047619047619,500.0,0.125,4.999999873689376e-05,6.1101975,5.2835978e-05,6.1237817,-0.02064909,0.0014346044,1.3816141,0.009999999776482582
-72010.0,-72010.0,-72010.0,7201.0,0,1,20000,5000,20000,False,2,4,b1c0a_00000,19741b99d80c460da5cb15641482f165,2022-10-26_15-16-43,1666793803,8.263981103897095,39.219566822052,705285,pl-gonzal.cis.strath.ac.uk,172.17.248.57,39.219566822052,20000,4,8.985057353973389,"[-72010.0, -72010.0]","[7201, 7201]",9311.681,536.96,0.164,30504029.091,2355.196,2122.966,7.078,20000,20000,20000,5000,20000,38.09166666666667,85.59166666666665,500.0,0.0625,4.999999873689376e-05,5.580658,-0.0001591104,5.5945616,-0.09230112,0.0015595296,1.3842827,0.009999999776482582
-72010.0,-72010.0,-72010.0,7201.0,1,1,25000,5000,25000,False,3,5,b1c0a_00000,19741b99d80c460da5cb15641482f165,2022-10-26_15-16-50,1666793810,7.863569498062134,47.083136320114136,705285,pl-gonzal.cis.strath.ac.uk,172.17.248.57,47.083136320114136,25000,5,8.985057353973389,"[-72010.0, -72010.0, -72010.0]","[7201, 7201, 7201]",9004.673,555.267,0.161,30977134.417,2330.387,2145.566,6.647,25000,25000,25000,5000,25000,36.127272727272725,85.59090909090911,500.0,0.03125,4.999999873689376e-05,5.311758,-0.00083028874,5.3263717,-0.07667349,0.0016115493,1.3833176,0.009999999776482582
-72010.0,-72010.0,-72010.0,7201.0,1,1,30000,5000,30000,False,4,6,b1c0a_00000,19741b99d80c460da5cb15641482f165,2022-10-26_15-16-58,1666793818,7.636117219924927,54.71925354003906,705285,pl-gonzal.cis.strath.ac.uk,172.17.248.57,54.71925354003906,30000,6,8.985057353973389,"[-72010.0, -72010.0, -72010.0, -72010.0]","[7201, 7201, 7201, 7201]",8802.998,567.988,0.162,30939050.897,2293.951,2179.645,6.347,30000,30000,30000,5000,30000,36.77272727272727,85.55454545454545,500.0,0.015625,4.999999873689376e-05,5.226524,-0.0005677095,5.2408695,-0.024245305,0.0014216355,1.3799641,0.009999999776482582
-72010.0,-72010.0,-72010.0,7201.0,0,1,35000,5000,35000,False,4,7,b1c0a_00000,19741b99d80c460da5cb15641482f165,2022-10-26_15-17-06,1666793826,7.716592788696289,62.43584632873535,705285,pl-gonzal.cis.strath.ac.uk,172.17.248.57,62.43584632873535,35000,7,8.985057353973389,"[-72010.0, -72010.0, -72010.0, -72010.0]","[7201, 7201, 7201, 7201]",8650.144,578.025,0.161,30977134.417,2271.386,2201.299,6.109,35000,35000,35000,5000,35000,35.93636363636364,85.44545454545454,500.0,0.0078125,4.999999873689376e-05,4.5970726,-0.0018121428,4.612679,-0.23600987,0.0020361745,1.3810648,0.009999999776482582
-72010.0,-72010.0,-72010.0,7201.0,1,1,40000,5000,40000,False,5,8,b1c0a_00000,19741b99d80c460da5cb15641482f165,2022-10-26_15-17-14,1666793834,7.780066013336182,70.21591234207153,705285,pl-gonzal.cis.strath.ac.uk,172.17.248.57,70.21591234207153,40000,8,8.985057353973389,"[-72010.0, -72010.0, -72010.0, -72010.0, -72010.0]","[7201, 7201, 7201, 7201, 7201]",8549.444,584.833,0.163,30744394.356,2250.17,2222.055,5.922,40000,40000,40000,5000,40000,36.51818181818181,85.08181818181819,500.0,0.00390625,4.999999873689376e-05,4.3898354,-0.00011854176,4.403703,-0.2541957,0.0019865865,1.3757071,0.009999999776482582
-72010.0,-72010.0,-72010.0,7201.0,1,1,45000,5000,45000,False,6,9,b1c0a_00000,19741b99d80c460da5cb15641482f165,2022-10-26_15-17-22,1666793842,7.956626653671265,78.1725389957428,705285,pl-gonzal.cis.strath.ac.uk,172.17.248.57,78.1725389957428,45000,9,8.985057353973389,"[-72010.0, -72010.0, -72010.0, -72010.0, -72010.0, -72010.0]","[7201, 7201, 7201, 7201, 7201, 7201]",8477.515,589.796,0.164,30570728.863,2243.221,2228.938,5.783,45000,45000,45000,5000,45000,35.17272727272727,84.70909090909092,500.0,0.001953125,4.999999873689376e-05,4.307747,-0.0009618556,4.3224344,-0.27147636,0.0015593172,1.3729091,0.009999999776482582
-72010.0,-72010.0,-72010.0,7201.0,0,1,50000,5000,50000,False,6,10,b1c0a_00000,19741b99d80c460da5cb15641482f165,2022-10-26_15-17-30,1666793850,7.8027098178863525,85.97524881362915,705285,pl-gonzal.cis.strath.ac.uk,172.17.248.57,85.97524881362915,50000,10,8.985057353973389,"[-72010.0, -72010.0, -72010.0, -72010.0, -72010.0, -72010.0]","[7201, 7201, 7201, 7201, 7201, 7201]",8416.829,594.048,0.164,30442038.032,2234.015,2238.122,5.654,50000,50000,50000,5000,50000,41.86666666666667,84.88333333333334,500.0,0.0009765625,4.999999873689376e-05,3.6958015,-0.001279507,3.7107487,-0.38214397,0.0018075578,1.3669827,0.009999999776482582
-72010.0,-72010.0,-72010.0,7201.0,1,1,55000,5000,55000,False,7,11,b1c0a_00000,19741b99d80c460da5cb15641482f165,2022-10-26_15-17-37,1666793857,7.378575563430786,93.35382437705994,705285,pl-gonzal.cis.strath.ac.uk,172.17.248.57,93.35382437705994,55000,11,8.985057353973389,"[-72010.0, -72010.0, -72010.0, -72010.0, -72010.0, -72010.0, -72010.0]","[7201, 7201, 7201, 7201, 7201, 7201, 7201]",8575.239,583.074,0.165,30393507.246,2196.928,2275.906,5.401,55000,55000,55000,5000,55000,35.94,85.01999999999998,500.0,0.00048828125,4.999999873689376e-05,3.7521985,-0.0011154322,3.766913,-0.24237837,0.0016118627,1.3599539,0.009999999776482582
-72010.0,-72010.0,-72010.0,7201.0,1,1,60000,5000,60000,False,8,12,b1c0a_00000,19741b99d80c460da5cb15641482f165,2022-10-26_15-17-45,1666793865,7.766895771026611,101.12072014808655,705285,pl-gonzal.cis.strath.ac.uk,172.17.248.57,101.12072014808655,60000,12,8.985057353973389,"[-72010.0, -72010.0, -72010.0, -72010.0, -72010.0, -72010.0, -72010.0, -72010.0]","[7201, 7201, 7201, 7201, 7201, 7201, 7201, 7201]",8540.859,585.421,0.173,28826831.615,2172.382,2301.621,4.755,60000,60000,60000,5000,60000,36.17272727272728,84.88181818181818,500.0,0.000244140625,4.999999873689376e-05,3.5555475,-0.00092824874,3.5700629,-0.48084763,0.0012457329,1.358738,0.009999999776482582
-72010.0,-72010.0,-72010.0,7201.0,1,1,65000,5000,65000,False,9,13,b1c0a_00000,19741b99d80c460da5cb15641482f165,2022-10-26_15-17-52,1666793872,7.710479974746704,108.83120012283325,705285,pl-gonzal.cis.strath.ac.uk,172.17.248.57,108.83120012283325,65000,13,8.985057353973389,"[-72010.0, -72010.0, -72010.0, -72010.0, -72010.0, -72010.0, -72010.0, -72010.0, -72010.0]","[7201, 7201, 7201, 7201, 7201, 7201, 7201, 7201, 7201]",7854.107,636.61,0.173,28922245.208,2140.856,2335.514,4.736,65000,65000,65000,5000,65000,35.9,84.78181818181818,500.0,0.0001220703125,4.999999873689376e-05,3.4412544,-0.0016394546,3.4564855,-0.6190506,0.0016244918,1.3592299,0.009999999776482582
-72010.0,-72010.0,-72010.0,7201.0,0,1,70000,5000,70000,False,9,14,b1c0a_00000,19741b99d80c460da5cb15641482f165,2022-10-26_15-18-00,1666793880,7.732621192932129,116.56382131576538,705285,pl-gonzal.cis.strath.ac.uk,172.17.248.57,116.56382131576538,70000,14,8.985057353973389,"[-72010.0, -72010.0, -72010.0, -72010.0, -72010.0, -72010.0, -72010.0, -72010.0, -72010.0]","[7201, 7201, 7201, 7201, 7201, 7201, 7201, 7201, 7201]",7762.466,644.125,0.172,29139252.466,2147.829,2327.932,4.722,70000,70000,70000,5000,70000,36.4,84.73636363636365,500.0,6.103515625e-05,4.999999873689376e-05,3.231709,-0.0013728103,3.2466269,-0.51202697,0.0019886422,1.3545161,0.009999999776482582
-72010.0,-72010.0,-72010.0,7201.0,1,1,75000,5000,75000,False,10,15,b1c0a_00000,19741b99d80c460da5cb15641482f165,2022-10-26_15-18-08,1666793888,7.784321546554565,124.34814286231995,705285,pl-gonzal.cis.strath.ac.uk,172.17.248.57,124.34814286231995,75000,15,8.985057353973389,"[-72010.0, -72010.0, -72010.0, -72010.0, -72010.0, -72010.0, -72010.0, -72010.0, -72010.0, -72010.0]","[7201, 7201, 7201, 7201, 7201, 7201, 7201, 7201, 7201, 7201]",7765.031,643.912,0.173,28982200.111,2143.868,2332.233,4.775,75000,75000,75000,5000,75000,40.59166666666667,84.65,500.0,3.0517578125e-05,4.999999873689376e-05,3.421676,-0.0010370594,3.436189,-0.14282198,0.0020190608,1.3476014,0.009999999776482582
-72010.0,-72010.0,-72010.0,7201.0,1,1,80000,5000,80000,False,11,16,b1c0a_00000,19741b99d80c460da5cb15641482f165,2022-10-26_15-18-16,1666793896,7.757071256637573,132.10521411895752,705285,pl-gonzal.cis.strath.ac.uk,172.17.248.57,132.10521411895752,80000,16,8.985057353973389,"[-72010.0, -72010.0, -72010.0, -72010.0, -72010.0, -72010.0, -72010.0, -72010.0, -72010.0, -72010.0, -72010.0]","[7201, 7201, 7201, 7201, 7201, 7201, 7201, 7201, 7201, 7201, 7201]",7765.113,643.906,0.173,28918257.033,2151.921,2323.505,4.759,80000,80000,80000,5000,80000,35.981818181818184,84.6909090909091,500.0,1.52587890625e-05,4.999999873689376e-05,3.1159768,-0.00078622595,3.1302,-0.32689896,0.0020560152,1.3436406,0.009999999776482582
-72010.0,-72010.0,-72010.0,7201.0,0,1,85000,5000,85000,False,11,17,b1c0a_00000,19741b99d80c460da5cb15641482f165,2022-10-26_15-18-24,1666793904,7.796899080276489,139.902113199234,705285,pl-gonzal.cis.strath.ac.uk,172.17.248.57,139.902113199234,85000,17,8.985057353973389,"[-72010.0, -72010.0, -72010.0, -72010.0, -72010.0, -72010.0, -72010.0, -72010.0, -72010.0, -72010.0, -72010.0]","[7201, 7201, 7201, 7201, 7201, 7201, 7201, 7201, 7201, 7201, 7201]",7782.354,642.479,0.173,28830794.611,2149.668,2325.94,4.762,85000,85000,85000,5000,85000,36.627272727272725,84.63636363636364,500.0,7.62939453125e-06,4.999999873689376e-05,3.2208827,-0.0016295528,3.2357306,-0.34260124,0.0033484453,1.3218377,0.009999999776482582
-72010.0,-72010.0,-72010.0,7201.0,1,1,90000,5000,90000,False,12,18,b1c0a_00000,19741b99d80c460da5cb15641482f165,2022-10-26_15-18-31,1666793911,7.762830495834351,147.66494369506836,705285,pl-gonzal.cis.strath.ac.uk,172.17.248.57,147.66494369506836,90000,18,8.985057353973389,"[-72010.0, -72010.0, -72010.0, -72010.0, -72010.0, -72010.0, -72010.0, -72010.0, -72010.0, -72010.0, -72010.0, -72010.0]","[7201, 7201, 7201, 7201, 7201, 7201, 7201, 7201, 7201, 7201, 7201, 7201]",7773.416,643.218,0.173,28830794.611,2155.375,2319.782,4.799,90000,90000,90000,5000,90000,36.345454545454544,84.73636363636363,500.0,3.814697265625e-06,4.999999873689376e-05,3.13746,-0.0019945612,3.1527293,-0.11205372,0.003207393,1.3274665,0.009999999776482582
-72010.0,-72010.0,-72010.0,7201.0,1,1,95000,5000,95000,False,13,19,b1c0a_00000,19741b99d80c460da5cb15641482f165,2022-10-26_15-18-40,1666793920,8.041831731796265,155.70677542686462,705285,pl-gonzal.cis.strath.ac.uk,172.17.248.57,155.70677542686462,95000,19,8.985057353973389,"[-72010.0, -72010.0, -72010.0, -72010.0, -72010.0, -72010.0, -72010.0, -72010.0, -72010.0, -72010.0, -72010.0, -72010.0, -72010.0]","[7201, 7201, 7201, 7201, 7201, 7201, 7201, 7201, 7201, 7201, 7201, 7201, 7201]",7794.955,641.441,0.175,28532680.272,2148.812,2326.867,4.789,95000,95000,95000,5000,95000,40.15,84.96666666666667,500.0,1.9073486328125e-06,4.999999873689376e-05,3.016204,-0.0018248172,3.0311162,-0.1246042,0.0027099936,1.3087225,0.009999999776482582
-72010.0,-72010.0,-72010.0,7201.0,0,1,100000,5000,100000,False,13,20,b1c0a_00000,19741b99d80c460da5cb15641482f165,2022-10-26_15-18-47,1666793927,7.763141632080078,163.4699170589447,705285,pl-gonzal.cis.strath.ac.uk,172.17.248.57,163.4699170589447,100000,20,8.985057353973389,"[-72010.0, -72010.0, -72010.0, -72010.0, -72010.0, -72010.0, -72010.0, -72010.0, -72010.0, -72010.0, -72010.0, -72010.0, -72010.0]","[7201, 7201, 7201, 7201, 7201, 7201, 7201, 7201, 7201, 7201, 7201, 7201, 7201]",7778.242,642.819,0.175,28513283.481,2155.695,2319.438,4.82,100000,100000,100000,5000,100000,36.86363636363637,85.02727272727273,500.0,9.5367431640625e-07,4.999999873689376e-05,3.1633842,-0.002934509,3.1791375,-0.42303768,0.0041414592,1.2818788,0.009999999776482582
-72010.0,-72010.0,-72010.0,7201.0,1,1,105000,5000,105000,False,14,21,b1c0a_00000,19741b99d80c460da5cb15641482f165,2022-10-26_15-19-00,1666793940,12.448217868804932,175.91813492774963,705285,pl-gonzal.cis.strath.ac.uk,172.17.248.57,175.91813492774963,105000,21,8.985057353973389,"[-72010.0, -72010.0, -72010.0, -72010.0, -72010.0, -72010.0, -72010.0, -72010.0, -72010.0, -72010.0, -72010.0, -72010.0, -72010.0, -72010.0]","[7201, 7201, 7201, 7201, 7201, 7201, 7201, 7201, 7201, 7201, 7201, 7201, 7201, 7201]",8186.244,610.781,0.175,28509407.287,2258.619,2213.742,5.795,105000,105000,105000,5000,105000,49.25,85.78333333333333,500.0,4.76837158203125e-07,4.999999873689376e-05,3.404654,-0.0011220032,3.4185324,-0.16874035,0.0028410333,1.2756126,0.009999999776482582
-72010.0,-72010.0,-72010.0,7201.0,1,1,110000,5000,110000,False,15,22,b1c0a_00000,19741b99d80c460da5cb15641482f165,2022-10-26_15-19-08,1666793948,8.509479761123657,184.4276146888733,705285,pl-gonzal.cis.strath.ac.uk,172.17.248.57,184.4276146888733,110000,22,8.985057353973389,"[-72010.0, -72010.0, -72010.0, -72010.0, -72010.0, -72010.0, -72010.0, -72010.0, -72010.0, -72010.0, -72010.0, -72010.0, -72010.0, -72010.0, -72010.0]","[7201, 7201, 7201, 7201, 7201, 7201, 7201, 7201, 7201, 7201, 7201, 7201, 7201, 7201, 7201]",8379.194,596.716,0.167,29972159.497,2252.548,2219.709,5.781,110000,110000,110000,5000,110000,37.074999999999996,85.83333333333333,500.0,2.384185791015625e-07,4.999999873689376e-05,2.9194095,-0.0022712986,2.9342117,-0.042682305,0.0031822852,1.2530996,0.009999999776482582
-72010.0,-72010.0,-72010.0,7201.0,0,1,115000,5000,115000,False,15,23,b1c0a_00000,19741b99d80c460da5cb15641482f165,2022-10-26_15-19-16,1666793956,7.789309501647949,192.21692419052124,705285,pl-gonzal.cis.strath.ac.uk,172.17.248.57,192.21692419052124,115000,23,8.985057353973389,"[-72010.0, -72010.0, -72010.0, -72010.0, -72010.0, -72010.0, -72010.0, -72010.0, -72010.0, -72010.0, -72010.0, -72010.0, -72010.0, -72010.0, -72010.0]","[7201, 7201, 7201, 7201, 7201, 7201, 7201, 7201, 7201, 7201, 7201, 7201, 7201, 7201, 7201]",8373.065,597.153,0.17,29495808.72,2261.025,2211.387,5.974,115000,115000,115000,5000,115000,36.28181818181818,85.53636363636363,500.0,1.1920928955078125e-07,4.999999873689376e-05,2.806222,-0.00072959403,2.8191693,-0.07866719,0.0031693368,1.2217696,0.009999999776482582
-72010.0,-72010.0,-72010.0,7201.0,1,1,120000,5000,120000,False,16,24,b1c0a_00000,19741b99d80c460da5cb15641482f165,2022-10-26_15-19-24,1666793964,7.814995527267456,200.0319197177887,705285,pl-gonzal.cis.strath.ac.uk,172.17.248.57,200.0319197177887,120000,24,8.985057353973389,"[-72010.0, -72010.0, -72010.0, -72010.0, -72010.0, -72010.0, -72010.0, -72010.0, -72010.0, -72010.0, -72010.0, -72010.0, -72010.0, -72010.0, -72010.0, -72010.0]","[7201, 7201, 7201, 7201, 7201, 7201, 7201, 7201, 7201, 7201, 7201, 7201, 7201, 7201, 7201, 7201]",8387.499,596.125,0.171,29232673.543,2263.778,2208.697,5.967,120000,120000,120000,5000,120000,36.445454545454545,85.11818181818182,500.0,5.960464477539063e-08,4.999999873689376e-05,1.7396888,-0.00079620833,1.7525258,0.087142065,0.0025211393,1.20407,0.009999999776482582
-72010.0,-72010.0,-72010.0,7201.0,1,1,125000,5000,125000,False,17,25,b1c0a_00000,19741b99d80c460da5cb15641482f165,2022-10-26_15-19-33,1666793973,9.121724128723145,209.15364384651184,705285,pl-gonzal.cis.strath.ac.uk,172.17.248.57,209.15364384651184,125000,25,8.985057353973389,"[-72010.0, -72010.0, -72010.0, -72010.0, -72010.0, -72010.0, -72010.0, -72010.0, -72010.0, -72010.0, -72010.0, -72010.0, -72010.0, -72010.0, -72010.0, -72010.0, -72010.0]","[7201, 7201, 7201, 7201, 7201, 7201, 7201, 7201, 7201, 7201, 7201, 7201, 7201, 7201, 7201, 7201, 7201]",8397.157,595.44,0.174,28814949.162,2389.217,2092.736,6.367,125000,125000,125000,5000,125000,43.80769230769231,85.16923076923078,500.0,2.9802322387695312e-08,4.999999873689376e-05,1.2508533,-0.0013932462,1.2639371,0.16841608,0.0022864048,1.169043,0.009999999776482582
-72010.0,-72010.0,-72010.0,7201.0,1,1,130000,5000,130000,False,18,26,b1c0a_00000,19741b99d80c460da5cb15641482f165,2022-10-26_15-19-42,1666793982,8.362379312515259,217.5160231590271,705285,pl-gonzal.cis.strath.ac.uk,172.17.248.57,217.5160231590271,130000,26,8.985057353973389,"[-72010.0, -72010.0, -72010.0, -72010.0, -72010.0, -72010.0, -72010.0, -72010.0, -72010.0, -72010.0, -72010.0, -72010.0, -72010.0, -72010.0, -72010.0, -72010.0, -72010.0, -72010.0]","[7201, 7201, 7201, 7201, 7201, 7201, 7201, 7201, 7201, 7201, 7201, 7201, 7201, 7201, 7201, 7201, 7201, 7201]",8591.016,582.003,0.172,29042404.099,2391.664,2090.595,6.397,130000,130000,130000,5000,130000,38.19166666666667,85.26666666666667,500.0,1.4901161193847656e-08,4.999999873689376e-05,1.4093347,-0.0004116394,1.421264,0.38119233,0.0017096542,1.1517655,0.009999999776482582
-72010.0,-72010.0,-72010.0,7201.0,0,1,135000,5000,135000,False,18,27,b1c0a_00000,19741b99d80c460da5cb15641482f165,2022-10-26_15-19-50,1666793990,8.457976341247559,225.97399950027466,705285,pl-gonzal.cis.strath.ac.uk,172.17.248.57,225.97399950027466,135000,27,8.985057353973389,"[-72010.0, -72010.0, -72010.0, -72010.0, -72010.0, -72010.0, -72010.0, -72010.0, -72010.0, -72010.0, -72010.0, -72010.0, -72010.0, -72010.0, -72010.0, -72010.0, -72010.0, -72010.0]","[7201, 7201, 7201, 7201, 7201, 7201, 7201, 7201, 7201, 7201, 7201, 7201, 7201, 7201, 7201, 7201, 7201, 7201]",8656.463,577.603,0.171,29208245.125,2395.047,2087.641,6.44,135000,135000,135000,5000,135000,36.975,85.18333333333332,500.0,7.450580596923828e-09,4.999999873689376e-05,0.9401176,-0.000466236,0.9519455,0.5392518,0.0021248304,1.1361611,0.009999999776482582
-72010.0,-72010.0,-72010.0,7201.0,1,1,140000,5000,140000,False,19,28,b1c0a_00000,19741b99d80c460da5cb15641482f165,2022-10-26_15-19-59,1666793999,8.363410711288452,234.3374102115631,705285,pl-gonzal.cis.strath.ac.uk,172.17.248.57,234.3374102115631,140000,28,8.985057353973389,"[-72010.0, -72010.0, -72010.0, -72010.0, -72010.0, -72010.0, -72010.0, -72010.0, -72010.0, -72010.0, -72010.0, -72010.0, -72010.0, -72010.0, -72010.0, -72010.0, -72010.0, -72010.0, -72010.0]","[7201, 7201, 7201, 7201, 7201, 7201, 7201, 7201, 7201, 7201, 7201, 7201, 7201, 7201, 7201, 7201, 7201, 7201, 7201]",8685.693,575.659,0.17,29429581.813,2428.862,2058.577,6.496,140000,140000,140000,5000,140000,39.25,84.89166666666667,500.0,3.725290298461914e-09,4.999999873689376e-05,0.8274996,0.000558362,0.83837587,0.3798607,0.004262816,1.1434598,0.009999999776482582
-72010.0,-72010.0,-72010.0,7201.0,1,1,145000,5000,145000,False,20,29,b1c0a_00000,19741b99d80c460da5cb15641482f165,2022-10-26_15-20-07,1666794007,8.057899475097656,242.39530968666077,705285,pl-gonzal.cis.strath.ac.uk,172.17.248.57,242.39530968666077,145000,29,8.985057353973389,"[-72010.0, -72010.0, -72010.0, -72010.0, -72010.0, -72010.0, -72010.0, -72010.0, -72010.0, -72010.0, -72010.0, -72010.0, -72010.0, -72010.0, -72010.0, -72010.0, -72010.0, -72010.0, -72010.0, -72010.0]","[7201, 7201, 7201, 7201, 7201, 7201, 7201, 7201, 7201, 7201, 7201, 7201, 7201, 7201, 7201, 7201, 7201, 7201, 7201, 7201]",8721.682,573.284,0.168,29831465.149,2428.605,2058.795,6.493,145000,145000,145000,5000,145000,38.141666666666666,84.82499999999997,500.0,1.862645149230957e-09,4.999999873689376e-05,0.9200639,-0.0009238787,0.9323257,0.39199832,0.0037302515,1.133791,0.009999999776482582
-72010.0,-72010.0,-72010.0,7201.0,0,1,150000,5000,150000,False,20,30,b1c0a_00000,19741b99d80c460da5cb15641482f165,2022-10-26_15-20-17,1666794017,10.51207685470581,252.90738654136658,705285,pl-gonzal.cis.strath.ac.uk,172.17.248.57,252.90738654136658,150000,30,8.985057353973389,"[-72010.0, -72010.0, -72010.0, -72010.0, -72010.0, -72010.0, -72010.0, -72010.0, -72010.0, -72010.0, -72010.0, -72010.0, -72010.0, -72010.0, -72010.0, -72010.0, -72010.0, -72010.0, -72010.0, -72010.0]","[7201, 7201, 7201, 7201, 7201, 7201, 7201, 7201, 7201, 7201, 7201, 7201, 7201, 7201, 7201, 7201, 7201, 7201, 7201, 7201]",8913.167,560.968,0.189,26392549.711,2510.175,1991.893,6.544,150000,150000,150000,5000,150000,45.900000000000006,84.89333333333335,500.0,9.313225746154785e-10,4.999999873689376e-05,0.49427423,-0.0011562054,0.50670326,0.34824756,0.0022534898,1.1272874,0.009999999776482582
-72010.0,-72010.0,-72010.0,7201.0,1,1,155000,5000,155000,False,21,31,b1c0a_00000,19741b99d80c460da5cb15641482f165,2022-10-26_15-20-26,1666794026,8.860147953033447,261.7675344944,705285,pl-gonzal.cis.strath.ac.uk,172.17.248.57,261.7675344944,155000,31,8.985057353973389,"[-72010.0, -72010.0, -72010.0, -72010.0, -72010.0, -72010.0, -72010.0, -72010.0, -72010.0, -72010.0, -72010.0, -72010.0, -72010.0, -72010.0, -72010.0, -72010.0, -72010.0, -72010.0, -72010.0, -72010.0, -72010.0]","[7201, 7201, 7201, 7201, 7201, 7201, 7201, 7201, 7201, 7201, 7201, 7201, 7201, 7201, 7201, 7201, 7201, 7201, 7201, 7201, 7201]",8715.143,573.714,0.188,26627120.366,2434.655,2053.679,5.801,155000,155000,155000,5000,155000,43.323076923076925,84.73076923076923,500.0,4.656612873077393e-10,4.999999873689376e-05,0.4778386,-0.0008029403,0.48965567,0.46188983,0.0018402819,1.1014156,0.009999999776482582
-72010.0,-72010.0,-72010.0,7201.0,1,1,160000,5000,160000,False,22,32,b1c0a_00000,19741b99d80c460da5cb15641482f165,2022-10-26_15-20-35,1666794035,8.449328422546387,270.2168629169464,705285,pl-gonzal.cis.strath.ac.uk,172.17.248.57,270.2168629169464,160000,32,8.985057353973389,"[-72010.0, -72010.0, -72010.0, -72010.0, -72010.0, -72010.0, -72010.0, -72010.0, -72010.0, -72010.0, -72010.0, -72010.0, -72010.0, -72010.0, -72010.0, -72010.0, -72010.0, -72010.0, -72010.0, -72010.0, -72010.0, -72010.0]","[7201, 7201, 7201, 7201, 7201, 7201, 7201, 7201, 7201, 7201, 7201, 7201, 7201, 7201, 7201, 7201, 7201, 7201, 7201, 7201, 7201, 7201]",8564.542,583.802,0.188,26630501.587,2489.766,2008.221,6.658,160000,160000,160000,5000,160000,39.4,84.475,500.0,2.3283064365386963e-10,4.999999873689376e-05,0.52971447,-0.00048875174,0.5408857,0.5387581,0.0024786377,1.0682464,0.009999999776482582
-72010.0,-72010.0,-72010.0,7201.0,0,1,165000,5000,165000,False,22,33,b1c0a_00000,19741b99d80c460da5cb15641482f165,2022-10-26_15-20-45,1666794045,10.134294271469116,280.3511571884155,705285,pl-gonzal.cis.strath.ac.uk,172.17.248.57,280.3511571884155,165000,33,8.985057353973389,"[-72010.0, -72010.0, -72010.0, -72010.0, -72010.0, -72010.0, -72010.0, -72010.0, -72010.0, -72010.0, -72010.0, -72010.0, -72010.0, -72010.0, -72010.0, -72010.0, -72010.0, -72010.0, -72010.0, -72010.0, -72010.0, -72010.0]","[7201, 7201, 7201, 7201, 7201, 7201, 7201, 7201, 7201, 7201, 7201, 7201, 7201, 7201, 7201, 7201, 7201, 7201, 7201, 7201, 7201, 7201]",8702.191,574.568,0.206,24266975.237,2645.48,1890.016,7.224,165000,165000,165000,5000,165000,46.221428571428575,84.72142857142858,500.0,1.1641532182693481e-10,4.999999873689376e-05,0.38216904,-0.0009772636,0.39409056,0.64397216,0.0017041068,1.0944273,0.009999999776482582
-72010.0,-72010.0,-72010.0,7201.0,1,1,170000,5000,170000,False,23,34,b1c0a_00000,19741b99d80c460da5cb15641482f165,2022-10-26_15-20-55,1666794055,10.413256168365479,290.764413356781,705285,pl-gonzal.cis.strath.ac.uk,172.17.248.57,290.764413356781,170000,34,8.985057353973389,"[-72010.0, -72010.0, -72010.0, -72010.0, -72010.0, -72010.0, -72010.0, -72010.0, -72010.0, -72010.0, -72010.0, -72010.0, -72010.0, -72010.0, -72010.0, -72010.0, -72010.0, -72010.0, -72010.0, -72010.0, -72010.0, -72010.0, -72010.0]","[7201, 7201, 7201, 7201, 7201, 7201, 7201, 7201, 7201, 7201, 7201, 7201, 7201, 7201, 7201, 7201, 7201, 7201, 7201, 7201, 7201, 7201, 7201]",9080.11,550.654,0.206,24300718.424,2689.941,1858.777,7.232,170000,170000,170000,5000,170000,44.11333333333333,84.83999999999999,500.0,5.820766091346741e-11,4.999999873689376e-05,0.32843986,-0.0008123575,0.3401085,0.49229258,0.0022874153,1.0856254,0.009999999776482582
